Material_ID,Formula,Density_g_cm3,Unit_Cell_Volume_A3,Energy_Above_Hull_eV,Formation_Energy_eV_atom
mp-1183144,Al,2.818666904,63.58168669,0.010480728,0.010480728
mp-134,Al,2.720050209,16.47171763,0,0
mp-2647008,Al,2.68779384,33.33879133,0.032078225,0.032078225
mp-1187812,Zn,7.519443,43.33334257,0.007402095,0.007402095
mp-1244987,Zn,6.73349438,1613.043595,0.058374757,0.058374757
mp-1245093,Zn,6.725669426,1614.920284,0.055068915,0.055068915
mp-1245184,Zn,6.779282988,1602.148782,0.048851893,0.048851893
mp-1245266,Zn,6.690725761,1623.354531,0.052315975,0.052315975
mp-2646972,Zn,7.160073455,15.16942536,0.00520538,0.00520538
mp-2647117,Zn,7.029542497,15.45110508,0.07166243,0.07166243
mp-79,Zn,7.53085732,28.84510891,0,0
mp-1056351,Mg,1.782330131,22.64417871,0.037615175,0.037615175
mp-1056702,Mg,1.785243837,22.60722103,0.030189965,0.030189965
mp-1094122,Mg,1.789479144,202.983432,0.003384133,0.003384133
mp-110,Mg,1.811054814,22.28502511,0.039679875,0.039679875
mp-153,Mg,1.801799385,44.79899634,0,0
mp-973364,Mg,1.790009721,90.18811806,0.008570822,0.008570822
mp-1010136,Cu,9.20140094,11.46788584,0.03556281,0.03556281
mp-30,Cu,9.218996047,11.44599856,0,0
mp-989695,Cu,9.210602273,45.82571797,0.00771654,0.00771654
mp-989782,Cu,9.227350523,22.87127064,0.012339935,0.012339935
mp-998890,Cu,9.209264324,11.45809392,0.03306618,0.03306618
mp-1206713,Al2Zn,4.275531933,46.36194999,0.024578678,0.024578678
mp-983585,Al3Zn,3.88762315,62.51271977,0.036298491,0.036298491
mp-1194114,Mg13Al16,2.192603553,566.2376162,0.044191619,0.033463217
mp-1185596,Mg149Al,1.77253796,3417.89848,0.002904532,0.002754187
mp-1023506,Mg15Al,1.849547685,351.5426688,0.04116724,0.039757761
mp-1094683,Mg16Al13,2.106856244,582.9544003,0.010447255,0.000766364
mp-1094685,Mg16Al13,2.125327699,577.88788,0.003992391,-0.0056885
mp-1094692,Mg16Al13,2.132222733,576.0191463,0.00761913,-0.002061761
mp-2151,Mg17Al12,2.153102325,568.3690027,0,-0.00933172
mp-1094700,Mg18Al11,2.062543036,591.1693006,0.01190382,0.003349743
mp-17659,Mg23Al30,2.220290764,1023.461995,0.000706286,-0.010167055
mp-1016233,Mg3Al,2.019178111,82.15328014,0.055965538,0.050327624
mp-1094666,Mg3Al,1.993175418,83.22504053,0.076585086,0.070947171
mp-1094961,Mg3Al,2.021071305,82.07632484,0.045159971,0.039522056
mp-1094970,Mg3Al,2.022697093,164.0207083,0.035554076,0.029916161
mp-978271,Mg3Al,2.018315489,82.18839218,0.027507426,0.021869511
mp-568106,Mg41Al67,2.301730432,2023.085173,0.051700043,0.040276534
mp-1016271,Mg7Al,1.902196583,172.0745984,0.044044003,0.041225046
mp-1038779,MgAl,2.19871685,38.73318247,0.075349569,0.065144923
mp-1039019,MgAl,2.261472234,37.6583447,0.063788014,0.053583367
mp-1039141,MgAl,2.265505609,37.59129998,0.024543459,0.014338813
mp-1094987,MgAl,2.268654204,75.07825633,0.054682419,0.044477773
mp-1094116,MgAl2,2.362652757,220.0360582,0,-0.011892303
mp-1102064,MgAl2,2.348385368,221.372866,0.041605506,0.029713202
mp-1222013,MgAl2,2.420432972,53.69584753,0.062525648,0.050633344
mp-1038916,MgAl3,2.534458749,68.95795754,0.025026051,0.016106824
mp-1039119,MgAl3,2.528568549,138.2371847,0.03433044,0.025411213
mp-985806,Al2Cu,4.150615597,47.0119212,0,-0.212656983
mp-998,Al2Cu,4.533902326,86.07526115,0.047588877,-0.165068107
mp-985825,Al3Cu,4.136764462,57.99999359,0.056474247,-0.10301849
mp-10886,Al3Cu2,4.771500014,72.39923018,0.029272976,-0.19531485
mp-1228752,Al4Cu15,7.330789745,240.3594824,0.061765576,-0.108313186
mp-593,Al4Cu9,7.055652287,639.9981686,0,-0.233102302
mp-1022721,AlCu,5.581466501,26.93279883,0.074061238,-0.168422852
mp-2500,AlCu,5.511280107,136.378946,0,-0.24248409
mp-1008555,AlCu3,7.509000822,48.12434491,0.008516518,-0.193452012
mp-1183216,AlCu3,7.516028025,96.15870093,0.002529828,-0.199438703
mp-12777,AlCu3,7.501022414,48.17553202,0.021051203,-0.180917327
mp-12802,AlCu3,7.517442306,96.14061028,0,-0.20196853
mp-1182885,AlCu4,7.673141552,243.3873312,0.035108691,-0.126466133
mp-1185642,Mg149Zn,1.775146575,3448.822304,0.003682251,0.002265532
mp-1023616,Mg15Zn,2.05338869,347.7204455,0.045932137,0.032650389
mp-570025,Mg21Zn25,4.359268415,1634.633199,0,-0.115493462
mp-1094422,Mg2Zn,3.325508047,113.8671151,0.036550343,-0.034285647
mp-1094437,Mg2Zn,3.347086851,113.1330092,0.059813492,-0.011022498
mp-1094440,Mg2Zn,3.332292403,113.6352882,0.046294392,-0.024541598
mp-1094465,Mg2Zn,3.178579247,119.1305858,0.07719244,0.00635645
mp-1094468,Mg2Zn,3.329700699,113.7237373,0.06750087,-0.00333512
mp-1094503,Mg2Zn,3.315623853,114.206564,0.058884222,-0.011951768
mp-30784,Mg2Zn11,6.428963919,595.1853299,0,-0.062448946
mp-1016243,Mg3Zn,2.89712017,79.28300946,0.068352061,0.015225069
mp-1094427,Mg3Zn,2.807680161,81.80860806,0.076722836,0.023595844
mp-1094433,Mg3Zn,2.906654384,79.02295062,0.063943954,0.010816961
mp-1094451,Mg3Zn,2.940288087,156.2380278,0.026793507,-0.026333485
mp-1094789,Mg3Zn,2.844824931,80.74043619,0.071275479,0.018148486
mp-1094791,Mg3Zn,2.938871676,78.15666389,0.056217994,0.003091001
mp-2047263,Mg4Zn7,5.155028775,894.0173246,0,-0.146479032
mp-680671,Mg4Zn7,4.902722008,940.0257705,0.007637993,-0.11926881
mp-935148,Mg4Zn7,4.902721345,940.0258977,0.00784032,-0.119066483
mp-1094425,Mg5Zn,2.500100757,124.15948,0.062291361,0.026873366
mp-1094434,Mg5Zn,2.505171551,123.908165,0.030903457,-0.004514537
mp-1094459,Mg5Zn,2.496448965,124.3410998,0.065073779,0.029655784
mp-1094473,Mg5Zn,2.517915909,123.2810074,0.060635006,0.025217011
mp-1016279,Mg7Zn,2.32209141,168.4386809,0.054016552,0.027453056
mp-1094475,MgZn,4.279016562,208.8894955,0.044701569,-0.061552416
mp-1094505,MgZn,4.215901675,70.6722373,0.071225592,-0.035028392
mp-1094779,MgZn,4.288360017,34.73906137,0.043204822,-0.063049163
mp-1094862,MgZn,4.301303489,34.63452468,0.053256547,-0.052997437
mp-2415538,MgZn,3.935115887,113.5724635,0.067038651,-0.039215334
mp-583266,MgZn,4.241423956,210.7409258,0.048931525,-0.05732246
mp-978268,MgZn,4.298807194,69.30927352,0.033131127,-0.073122858
mp-1094483,MgZn2,5.055191601,101.9102032,0.073327422,-0.057302883
mp-1124,MgZn2,5.343410406,192.8265149,0,-0.130630305
mp-978269,MgZn2,5.331969809,96.6201276,0.007595595,-0.12303471
mp-1094476,MgZn3,5.555204031,65.92053134,0.07171987,-0.027254804
mp-1094478,MgZn3,5.89515321,124.2383322,0.041114362,-0.057860312
mp-1094867,MgZn3,5.869059704,62.39534439,0.051993238,-0.046981436
mp-1094194,MgZn5,6.40844572,91.04085867,0.047619916,-0.019699128
mp-1094462,MgZn5,6.453731204,90.40202986,0.048471304,-0.018847739
mp-1094484,MgZn5,6.409098997,91.0315789,0.044126106,-0.023192937
mp-1094485,MgZn5,6.091204199,95.78244005,0.074286326,0.006967283
mp-580931,MgZn5,5.949176145,392.2764341,0.030140218,-0.037178825
mp-1028199,Mg14AlZn,2.042977254,351.668001,0.038362542,0.023671316
mp-1028202,Mg14AlZn,2.061901781,348.4403251,0.040293911,0.025602684
mp-1185719,Mg16Al12Zn,2.230203623,579.3244194,0.01037465,-0.0059587
mp-1185720,Mg16Al12Zn,2.224422288,580.8300995,0.016685371,0.00035202
mp-1185721,Mg16Al12Zn,2.239826836,576.8354047,0.006322215,-0.010011136
mp-1185781,Mg17Al11Zn,2.218211445,580.452745,0.004241649,-0.011640289
mp-1204993,Mg19Al4Zn15,3.711738218,1387.628696,0.026830157,-0.059428427
mp-1023483,Mg6AlZn,2.380397773,332.3600074,0.062801603,0.03341915
mp-1023485,Mg6AlZn,2.376557908,332.89701,0.066217277,0.036834824
mp-1200279,Mg11(Al2Cu)6,3.190168839,2024.625007,0.020496077,-0.124215571
mp-1028244,Mg14AlCu,2.097439773,341.0615894,0.079013501,0.044979742
mp-1028253,Mg14AlCu,2.085025725,343.0922382,0.076201193,0.042167434
mp-1185659,Mg16Al12Cu,2.223957614,579.5604317,0.032178905,0.000283864
mp-30178,Mg2Al5Cu6,5.12852789,548.6147362,0,-0.235028325
mp-1222208,Mg3(AlCu2)2,4.713506766,268.4915912,0,-0.207595731
mp-1222214,Mg3(AlCu2)2,4.577080216,276.4943747,0.003828677,-0.203767054
mp-3034,MgAl2Cu,3.641105422,129.3496277,0,-0.174859909
