Alloy_ID,Formula_String,WT_Al,WT_Zn,WT_Mg,WT_Cu,Aging_Temp_C,Aging_Time_Hours,Yield_Strength_MPa,Hardness_HV
Paper_Source_12,Al0.908Zn0.059Mg0.020Cu0.013,0.908221427,0.058727006,0.020062725,0.012988841,150,4.673658709,514.2032762,166.5349134
Paper_Source_3,Al0.880Zn0.088Mg0.027Cu0.006,0.879557135,0.087535715,0.027129797,0.005777353,120,17.15477923,638.0699188,207.4338324
Paper_Source_8,Al0.890Zn0.077Mg0.023Cu0.010,0.890177366,0.076599697,0.023173873,0.010049064,120,2.077147668,508.1628849,165.5567192
Paper_Source_6,Al0.910Zn0.070Mg0.013Cu0.007,0.909792167,0.069932924,0.013258689,0.00701622,135,4.232478615,444.816855,150.208144
Paper_Source_5,Al0.935Zn0.048Mg0.011Cu0.006,0.934837068,0.047800932,0.011411375,0.005950625,150,19.35385562,434.9717294,135.7883801
Paper_Source_4,Al0.910Zn0.048Mg0.023Cu0.020,0.909502485,0.047799726,0.022848386,0.019849403,150,6.803998317,573.4837663,183.2749286
Paper_Source_8,Al0.937Zn0.043Mg0.011Cu0.010,0.936730286,0.042904181,0.010530226,0.009835308,150,27.45819029,361.5800691,120.3238721
Paper_Source_8,Al0.878Zn0.083Mg0.022Cu0.017,0.877827564,0.083308807,0.021715512,0.017148117,135,33.24958603,551.9079574,177.1547923
Paper_Source_12,Al0.892Zn0.070Mg0.029Cu0.009,0.892320035,0.070055751,0.028804605,0.00881961,120,38.52786821,509.0235392,166.4156495
Paper_Source_1,Al0.888Zn0.075Mg0.022Cu0.015,0.887864347,0.075403629,0.021509484,0.015222541,135,10.0071366,561.4921419,181.7015212
Paper_Source_9,Al0.925Zn0.041Mg0.018Cu0.016,0.924803959,0.041029225,0.017763399,0.016403418,120,8.455422657,400.5309614,134.4665419
Paper_Source_14,Al0.875Zn0.088Mg0.023Cu0.014,0.874704162,0.088495493,0.022865764,0.013934581,120,5.466972416,556.2958965,176.6676531
Paper_Source_5,Al0.887Zn0.082Mg0.019Cu0.012,0.887139167,0.081622132,0.019165058,0.012073643,135,30.73043685,513.0580575,168.5571006
Paper_Source_4,Al0.917Zn0.051Mg0.021Cu0.011,0.917293095,0.050616956,0.020912336,0.011177614,120,34.05759701,427.9538399,142.423579
Paper_Source_6,Al0.912Zn0.049Mg0.029Cu0.010,0.911846431,0.049091248,0.028829296,0.010233024,120,2.000341879,435.4353936,137.926983
Paper_Source_6,Al0.914Zn0.049Mg0.018Cu0.019,0.914164785,0.049170225,0.017722053,0.018942937,150,44.9700817,400.3547076,131.1038555
Paper_Source_2,Al0.898Zn0.055Mg0.029Cu0.017,0.898104785,0.055212112,0.029223811,0.017459291,120,2.968635973,499.2082116,158.621162
Paper_Source_8,Al0.886Zn0.066Mg0.028Cu0.019,0.886179762,0.066237822,0.028107013,0.019475404,135,26.21157593,566.2143999,182.7252104
Paper_Source_7,Al0.918Zn0.062Mg0.014Cu0.007,0.917622468,0.061597251,0.013915823,0.006864458,135,34.18037467,413.8756868,132.8668162
Paper_Source_1,Al0.918Zn0.055Mg0.011Cu0.016,0.918088305,0.054561457,0.011387226,0.015963012,120,41.87103338,401.1381649,123.3925232
Paper_Source_5,Al0.898Zn0.071Mg0.012Cu0.019,0.898316688,0.070592645,0.01201556,0.019075107,150,34.41912928,466.6928787,151.6066756
Paper_Source_12,Al0.935Zn0.047Mg0.010Cu0.008,0.934942374,0.046974693,0.010364437,0.007718496,150,38.58208395,357.5320456,115.6912658
Paper_Source_6,Al0.928Zn0.055Mg0.012Cu0.006,0.927506464,0.054607232,0.011888859,0.005997444,120,16.62388415,424.3683842,140.5907246
Paper_Source_4,Al0.902Zn0.058Mg0.024Cu0.016,0.901904963,0.058318092,0.023660135,0.01611681,120,39.2041929,485.0731697,158.0030752
Paper_Source_2,Al0.912Zn0.063Mg0.011Cu0.014,0.912155631,0.062803499,0.011423773,0.013617097,135,4.305455203,431.4176935,144.8942077
Paper_Source_13,Al0.887Zn0.079Mg0.016Cu0.018,0.886734258,0.079258798,0.016379513,0.017627432,120,43.00379116,511.2816055,165.1971561
Paper_Source_14,Al0.916Zn0.050Mg0.027Cu0.007,0.916022219,0.049983689,0.026897506,0.007096586,150,26.51063787,454.7182435,146.4194792
Paper_Source_4,Al0.907Zn0.066Mg0.010Cu0.017,0.90689383,0.065711722,0.010465439,0.01692901,120,39.32164407,428.2280358,137.6771844
Paper_Source_1,Al0.896Zn0.070Mg0.026Cu0.008,0.896065492,0.069620728,0.02628937,0.00802441,135,21.98511851,659.3574135,211.5969681
Paper_Source_7,Al0.935Zn0.042Mg0.016Cu0.007,0.934585545,0.042322521,0.015637095,0.007454839,135,31.06994052,370.0395625,113.8482235
Paper_Source_2,Al0.910Zn0.070Mg0.012Cu0.007,0.909795474,0.070377243,0.012363297,0.007463987,135,25.50412639,502.761295,161.6305763
Paper_Source_13,Al0.910Zn0.049Mg0.024Cu0.017,0.91032043,0.048526206,0.023934743,0.017218621,135,35.25050228,455.6269426,141.8067963
Paper_Source_2,Al0.919Zn0.043Mg0.023Cu0.015,0.919190605,0.04325258,0.022578857,0.014977958,135,4.377424146,408.9632355,133.0537077
Paper_Source_9,Al0.872Zn0.087Mg0.028Cu0.013,0.872160301,0.087444277,0.02754944,0.012845981,120,3.36672399,580.8210599,184.2614815
Paper_Source_5,Al0.877Zn0.088Mg0.025Cu0.010,0.87663452,0.088281602,0.024701421,0.010382457,,12.23740362,569.6250301,181.5141782
Paper_Source_2,Al0.875Zn0.080Mg0.026Cu0.018,0.875352506,0.080419867,0.026069619,0.018158008,120,8.078372305,558.0888388,178.3551322
Paper_Source_11,Al0.918Zn0.055Mg0.016Cu0.011,0.918241943,0.055230688,0.015640691,0.010886677,120,41.90971941,414.9609994,133.3460493
Paper_Source_9,Al0.924Zn0.045Mg0.014Cu0.017,0.924318612,0.044883606,0.013548791,0.017248992,135,10.9126644,446.4763371,144.0417955
Paper_Source_9,Al0.889Zn0.074Mg0.025Cu0.012,0.88918903,0.074211651,0.025012295,0.011587024,150,46.85359965,529.197699,173.4201341
Paper_Source_1,Al0.901Zn0.062Mg0.026Cu0.011,0.901201514,0.062007625,0.026136695,0.010654166,120,16.50255011,543.27305,173.8055457
Paper_Source_11,Al0.912Zn0.046Mg0.030Cu0.012,0.912147789,0.046101912,0.029810103,0.011940197,150,9.150600995,626.904955,203.4277702
Paper_Source_3,Al0.907Zn0.065Mg0.018Cu0.010,0.907468133,0.064758846,0.018252354,0.009520668,,38.01067909,438.3555484,148.2321837
Paper_Source_4,Al0.925Zn0.042Mg0.017Cu0.016,0.924626072,0.041719426,0.017440362,0.016214141,120,31.78861934,445.6264466,144.6938434
Paper_Source_14,Al0.876Zn0.085Mg0.026Cu0.013,0.876464915,0.08546602,0.025528259,0.012540806,150,24.16429653,572.5895321,184.2550762
Paper_Source_7,Al0.922Zn0.053Mg0.017Cu0.008,0.92176174,0.052938999,0.016816071,0.00848319,135,26.87976867,466.1335858,148.4177937
Paper_Source_10,Al0.880Zn0.073Mg0.029Cu0.018,0.879765121,0.073126114,0.028615147,0.018493619,120,34.66208447,572.3072856,184.1294246
Paper_Source_4,Al0.906Zn0.056Mg0.027Cu0.011,0.906487823,0.055585554,0.027168255,0.010758368,120,11.35160021,450.9396605,143.2488558
Paper_Source_2,Al0.902Zn0.066Mg0.019Cu0.013,0.902263425,0.066003401,0.018579881,0.013153293,120,47.82586101,468.6412059,151.8462361
Paper_Source_7,Al0.889Zn0.067Mg0.025Cu0.019,0.889049983,0.067335514,0.025017421,0.018597082,150,46.8026752,534.6106034,172.7138937
Paper_Source_6,Al0.911Zn0.049Mg0.025Cu0.014,0.91130285,0.049242723,0.025090857,0.01436357,135,31.3904701,458.090264,142.3655049
Paper_Source_3,Al0.893Zn0.088Mg0.012Cu0.007,0.892704821,0.088479231,0.012062477,0.006753471,150,9.978266419,687.5002222,221.7278702
Paper_Source_6,Al0.874Zn0.079Mg0.028Cu0.019,0.874094819,0.078756641,0.028051058,0.019097482,150,32.81084152,574.0920795,187.8813592
Paper_Source_11,Al0.879Zn0.087Mg0.020Cu0.014,0.878504385,0.086974947,0.020105047,0.014415621,135,3.929424427,536.3980385,172.0338457
Paper_Source_15,Al0.879Zn0.085Mg0.027Cu0.010,0.878705899,0.084741368,0.026529149,0.010023584,150,1.955993855,578.380823,184.9422171
Paper_Source_6,Al0.907Zn0.070Mg0.016Cu0.007,0.906614928,0.069894999,0.016400992,0.007089081,135,12.7399372,559.1518927,176.9273264
Paper_Source_12,Al0.869Zn0.086Mg0.028Cu0.017,0.869085446,0.086093712,0.027910465,0.016910378,120,22.47459045,778.6873905,246.5445007
Paper_Source_5,Al0.923Zn0.044Mg0.018Cu0.014,0.92349025,0.044424625,0.017784034,0.014301091,135,41.74294401,409.4967973,134.1741142
Paper_Source_4,Al0.927Zn0.050Mg0.010Cu0.013,0.926982187,0.049799143,0.010216753,0.013001916,120,35.04053081,377.5298085,121.3301134
Paper_Source_10,Al0.911Zn0.042Mg0.028Cu0.018,0.911222607,0.042261364,0.02810764,0.018408389,150,35.77855976,464.4189302,151.742612
Paper_Source_12,Al0.915Zn0.056Mg0.012Cu0.017,0.915078792,0.056266517,0.011825734,0.016828958,150,20.71093339,440.59514,145.9557739
Paper_Source_15,Al0.917Zn0.059Mg0.016Cu0.007,0.91690474,0.059433864,0.016386273,0.007275123,120,16.93191215,488.256964,159.8053657
Paper_Source_1,Al0.908Zn0.054Mg0.029Cu0.010,0.907755478,0.053567452,0.029001239,0.009675831,150,18.12434124,535.1995997,171.2891014
Paper_Source_10,Al0.881Zn0.081Mg0.029Cu0.009,0.880823645,0.081436875,0.029012143,0.008727337,135,47.41335428,562.8756269,181.934952
Paper_Source_6,Al0.905Zn0.058Mg0.021Cu0.016,0.904534382,0.057837666,0.021468758,0.016159194,120,2.405186592,479.3472225,153.0912041
Paper_Source_2,Al0.918Zn0.054Mg0.023Cu0.006,0.917813544,0.054046725,0.022636744,0.005502987,150,41.68399607,427.0544457,135.9887775
Paper_Source_13,Al0.900Zn0.067Mg0.019Cu0.014,0.90034794,0.067134804,0.01896891,0.013548345,120,27.98708191,601.6345052,194.9326848
Paper_Source_3,Al0.921Zn0.047Mg0.016Cu0.016,0.920652693,0.047046211,0.015864215,0.01643688,135,21.33423241,565.7157311,180.4082108
Paper_Source_14,Al0.885Zn0.080Mg0.017Cu0.018,0.885165376,0.080109849,0.016573291,0.018151485,135,34.94973887,530.3130917,165.5458602
Paper_Source_8,Al0.923Zn0.044Mg0.023Cu0.010,0.922690872,0.043727532,0.023450369,0.010131226,150,23.61677472,404.4992348,128.2632544
Paper_Source_10,Al0.868Zn0.089Mg0.025Cu0.017,0.868289303,0.089344347,0.025047491,0.01731886,135,41.98760381,565.2799576,181.5811706
Paper_Source_14,Al0.889Zn0.079Mg0.026Cu0.007,0.888896705,0.078612238,0.025831581,0.006659476,120,43.28333854,521.0771089,171.8928862
Paper_Source_14,Al0.907Zn0.050Mg0.026Cu0.018,0.906575069,0.049935784,0.025792363,0.017696784,135,20.53174403,629.6716022,201.892528
Paper_Source_6,Al0.941Zn0.040Mg0.012Cu0.007,0.940987442,0.040276106,0.011824122,0.00691233,120,13.64932037,348.3776698,113.6597037
Paper_Source_3,Al0.888Zn0.081Mg0.020Cu0.011,0.888379213,0.080773071,0.019888406,0.010959309,120,28.63664061,612.4565468,197.1458574
Paper_Source_7,Al0.897Zn0.075Mg0.011Cu0.017,0.896546527,0.075342867,0.011151175,0.01695943,135,43.83725892,477.5417935,157.1117527
Paper_Source_4,Al0.895Zn0.076Mg0.021Cu0.007,0.895310303,0.076450358,0.020990578,0.007248761,150,10.50645398,701.4493038,229.1667099
Paper_Source_14,Al0.894Zn0.079Mg0.019Cu0.008,0.894167102,0.078563517,0.01883061,0.008438771,135,30.09091272,482.9351876,158.7259822
Paper_Source_9,Al0.913Zn0.044Mg0.028Cu0.016,0.912709895,0.043702233,0.027754084,0.015833789,120,30.49911045,536.9331917,168.8692966
Paper_Source_15,Al0.909Zn0.058Mg0.017Cu0.016,0.909257865,0.057923286,0.0170183,0.015800548,120,35.32286856,469.7164316,152.0382397
Paper_Source_5,Al0.927Zn0.046Mg0.012Cu0.015,0.927247992,0.045793453,0.01234134,0.014617214,135,6.749465044,379.2857684,124.2475944
Paper_Source_3,Al0.889Zn0.083Mg0.013Cu0.015,0.888575768,0.083155171,0.012859834,0.015409227,150,34.50168582,513.294893,166.5328441
Paper_Source_2,Al0.890Zn0.071Mg0.025Cu0.013,0.890464014,0.071164906,0.025230213,0.013140867,150,43.67904473,507.3900341,165.2656954
Paper_Source_11,Al0.912Zn0.057Mg0.022Cu0.009,0.912313752,0.056544901,0.022364361,0.008776986,,9.034947671,449.5477926,145.1612945
Paper_Source_2,Al0.935Zn0.043Mg0.012Cu0.010,0.934614189,0.043177918,0.012022454,0.01018544,120,11.78330793,355.5476164,112.830819
Paper_Source_3,Al0.925Zn0.056Mg0.012Cu0.008,0.925044782,0.055549116,0.011682136,0.007723966,,46.64126697,418.7314324,130.8319121
Paper_Source_2,Al0.901Zn0.056Mg0.024Cu0.019,0.901094693,0.056259166,0.024019383,0.018626758,135,9.096405254,499.3975109,159.4820477
Paper_Source_14,Al0.898Zn0.076Mg0.011Cu0.014,0.898313554,0.076480309,0.01145526,0.013750877,120,41.08329194,470.3198198,158.4113456
Paper_Source_4,Al0.891Zn0.072Mg0.026Cu0.011,0.890672154,0.071877874,0.026437201,0.011012771,120,23.88319818,719.2324927,230.7963536
Paper_Source_2,Al0.880Zn0.084Mg0.024Cu0.012,0.879584431,0.084360637,0.024124845,0.011930087,150,12.24347603,779.5702374,246.5757946
Paper_Source_10,Al0.906Zn0.064Mg0.012Cu0.019,0.905553028,0.063610746,0.011626976,0.01920925,135,41.86062031,463.6563405,151.3981848
Paper_Source_9,Al0.935Zn0.046Mg0.012Cu0.007,0.935023262,0.045979712,0.011696754,0.007300271,150,21.65199961,401.6958857,131.717968
Paper_Source_2,Al0.881Zn0.076Mg0.030Cu0.014,0.880811522,0.075662239,0.029732792,0.013793447,135,24.95382431,624.4581705,204.6564305
Paper_Source_9,Al0.892Zn0.078Mg0.017Cu0.013,0.891887001,0.078039252,0.017485416,0.01258833,135,17.56358505,700.2950867,227.0790871
Paper_Source_13,Al0.900Zn0.068Mg0.017Cu0.014,0.900351484,0.06806386,0.017412843,0.014171814,135,28.66516544,493.0168161,161.1516864
Paper_Source_6,Al0.890Zn0.079Mg0.026Cu0.005,0.889923997,0.078548359,0.026255991,0.005271653,120,8.267383948,525.6948074,174.179513
Paper_Source_1,Al0.888Zn0.065Mg0.029Cu0.018,0.88828339,0.06468978,0.028944972,0.018081859,150,19.07637299,597.4592128,190.8650946
Paper_Source_4,Al0.885Zn0.066Mg0.030Cu0.019,0.885161563,0.066136641,0.029720021,0.018981774,150,46.54708531,544.988237,173.4430303
Paper_Source_15,Al0.900Zn0.061Mg0.025Cu0.013,0.900078388,0.061377051,0.025067564,0.013476998,135,12.76133805,581.8338396,184.951869
Paper_Source_14,Al0.926Zn0.041Mg0.018Cu0.015,0.92575409,0.041270956,0.017525192,0.015449762,120,31.69499157,450.1627631,144.5493706
Paper_Source_1,Al0.924Zn0.045Mg0.012Cu0.019,0.924097924,0.045394571,0.011670014,0.018837491,120,15.94652805,433.6464655,143.4695127
Paper_Source_14,Al0.917Zn0.042Mg0.026Cu0.016,0.917277023,0.041571459,0.025542938,0.01560858,150,37.23997347,395.8643281,129.0183413
Paper_Source_6,Al0.900Zn0.072Mg0.021Cu0.007,0.899723309,0.071820521,0.021168085,0.007288086,120,6.716498884,495.0529506,160.9162301
Paper_Source_14,Al0.912Zn0.056Mg0.018Cu0.014,0.912153435,0.055717799,0.01848444,0.013644325,120,46.56649964,431.2257569,134.556813
Paper_Source_13,Al0.892Zn0.065Mg0.028Cu0.014,0.892343652,0.065428535,0.028127088,0.014100726,135,22.05500322,640.4087113,204.8504882
Paper_Source_4,Al0.891Zn0.085Mg0.012Cu0.011,0.891035767,0.085378324,0.01222395,0.01136196,120,11.71239701,489.4625338,153.3019959
Paper_Source_3,Al0.912Zn0.052Mg0.020Cu0.016,0.911636223,0.052464611,0.019852502,0.016046664,135,3.991095498,437.5909462,144.0864842
Paper_Source_3,Al0.910Zn0.061Mg0.010Cu0.019,0.910238276,0.060519146,0.010227073,0.019015505,150,8.563500492,586.6615558,193.2097794
Paper_Source_9,Al0.884Zn0.078Mg0.019Cu0.019,0.883965703,0.077777557,0.019373213,0.018883528,120,25.18926256,706.2014968,229.7558513
Paper_Source_6,Al0.926Zn0.051Mg0.011Cu0.012,0.925671436,0.051439908,0.011126066,0.011762591,150,16.50765088,513.9831862,163.3340627
Paper_Source_9,Al0.937Zn0.044Mg0.012Cu0.007,0.937076075,0.043848995,0.012376358,0.006698571,150,39.87195988,363.8512303,121.0764209
Paper_Source_13,Al0.913Zn0.054Mg0.012Cu0.020,0.913389284,0.054487573,0.012350525,0.019772618,120,20.96715737,606.4478958,194.9952162
Paper_Source_5,Al0.911Zn0.048Mg0.023Cu0.018,0.911371258,0.048061064,0.022984206,0.017583471,120,12.31392795,435.6318685,137.490261
Paper_Source_2,Al0.882Zn0.086Mg0.025Cu0.007,0.88172428,0.086484883,0.024920898,0.00686994,150,29.81438686,543.0460611,172.7651381
Paper_Source_8,Al0.879Zn0.080Mg0.022Cu0.019,0.879113977,0.080406019,0.021667375,0.018812628,120,34.0719178,558.201918,178.9897432
Paper_Source_5,Al0.881Zn0.072Mg0.029Cu0.018,0.881037916,0.071670188,0.029243451,0.018048445,135,8.434490625,579.6878417,187.1200243
Paper_Source_2,Al0.886Zn0.084Mg0.017Cu0.013,0.886146988,0.08357303,0.017497412,0.012782571,135,8.461912774,534.3579858,171.9701833
Paper_Source_4,Al0.890Zn0.080Mg0.016Cu0.014,0.890233023,0.080183604,0.015714242,0.013869132,120,2.241892779,514.3650777,162.3925476
Paper_Source_9,Al0.912Zn0.049Mg0.027Cu0.011,0.912314474,0.049328503,0.027371983,0.010985041,150,35.47909572,428.6499335,141.3074631
Paper_Source_15,Al0.895Zn0.085Mg0.014Cu0.006,0.895078709,0.08462795,0.014471917,0.005821425,120,32.03071506,517.9818369,166.7144003
Paper_Source_4,Al0.894Zn0.067Mg0.029Cu0.010,0.893740478,0.066967112,0.029264451,0.010027959,120,23.0449666,722.7226814,231.3519642
Paper_Source_13,Al0.892Zn0.080Mg0.010Cu0.017,0.892342101,0.080372008,0.010243089,0.017042802,150,40.59809633,465.1314257,152.8181513
Paper_Source_12,Al0.881Zn0.085Mg0.029Cu0.005,0.880728378,0.084804565,0.029397577,0.00506948,150,38.76933227,544.6752694,172.7431843
Paper_Source_12,Al0.923Zn0.056Mg0.011Cu0.010,0.92323414,0.055900174,0.010863198,0.010002488,135,28.30433231,402.7035631,125.8321497
Paper_Source_12,Al0.916Zn0.046Mg0.028Cu0.011,0.915702011,0.045502596,0.027822862,0.01097253,150,41.74288582,451.3427966,148.7756691
Paper_Source_13,Al0.915Zn0.051Mg0.021Cu0.013,0.914988286,0.051396758,0.020554022,0.013060934,135,10.27745748,455.8385511,151.7731635
Paper_Source_15,Al0.890Zn0.061Mg0.030Cu0.019,0.88998748,0.061355389,0.029859296,0.018797834,150,5.816181921,599.8040761,192.3299458
Paper_Source_14,Al0.897Zn0.081Mg0.011Cu0.010,0.89742814,0.080900738,0.011475931,0.01019519,120,13.31310655,499.4708331,161.0046986
Paper_Source_4,Al0.886Zn0.083Mg0.021Cu0.010,0.885682087,0.083036529,0.021077086,0.010204298,135,3.211625664,524.3441787,166.2766217
Paper_Source_2,Al0.914Zn0.040Mg0.029Cu0.016,0.914203824,0.040347607,0.029386051,0.016062519,135,25.73055258,486.6963621,157.0125579
Paper_Source_13,Al0.902Zn0.066Mg0.020Cu0.012,0.902217409,0.065537365,0.020461957,0.011783269,135,44.98877038,476.8569567,152.6355616
Paper_Source_12,Al0.908Zn0.061Mg0.023Cu0.008,0.908172405,0.06087055,0.022587973,0.008369072,120,2.368818182,457.8748452,147.4462419
Paper_Source_15,Al0.913Zn0.051Mg0.024Cu0.012,0.913193043,0.051105391,0.023914974,0.011786593,120,6.300220915,459.9567621,149.396295
Paper_Source_6,Al0.928Zn0.046Mg0.019Cu0.007,0.927803055,0.045993268,0.019090821,0.007112855,120,21.97945384,571.6207977,181.648442
Paper_Source_13,Al0.913Zn0.057Mg0.023Cu0.008,0.912922275,0.056880759,0.022551162,0.007645805,120,44.85906333,445.5061195,142.8071231
Paper_Source_11,Al0.879Zn0.087Mg0.022Cu0.012,0.878692712,0.087145485,0.021686286,0.012475517,120,15.51741499,583.3272354,183.6606224
Paper_Source_14,Al0.905Zn0.056Mg0.028Cu0.011,0.904532811,0.056160147,0.02802316,0.011283882,135,24.59365341,542.9819049,174.267985
Paper_Source_2,Al0.904Zn0.066Mg0.011Cu0.019,0.904428853,0.065939531,0.010908928,0.018722689,120,2.474710805,409.4578243,131.8495839
Paper_Source_12,Al0.899Zn0.075Mg0.016Cu0.010,0.89879388,0.075150948,0.015619264,0.010435908,135,7.546302046,488.4698551,158.1433771
Paper_Source_7,Al0.899Zn0.058Mg0.029Cu0.014,0.899101465,0.05818148,0.02900823,0.013708825,120,47.36493084,503.3913501,162.9832478
Paper_Source_3,Al0.869Zn0.089Mg0.028Cu0.014,0.869121656,0.088589104,0.027805276,0.014483964,150,46.34313808,592.2841262,193.3192024
Paper_Source_15,Al0.888Zn0.088Mg0.019Cu0.005,0.887568083,0.088122365,0.019113135,0.005196417,135,0.734649094,526.3913903,165.954508
Paper_Source_3,Al0.910Zn0.053Mg0.022Cu0.015,0.910055173,0.052589115,0.022402652,0.014953061,150,45.71105981,434.3055338,136.3828667
Paper_Source_5,Al0.912Zn0.065Mg0.016Cu0.008,0.911919412,0.064862425,0.015547624,0.00767054,135,30.85819705,446.8106076,145.4548489
Paper_Source_3,Al0.912Zn0.055Mg0.014Cu0.019,0.911777607,0.055043915,0.013762423,0.019416055,,41.72611899,417.8357459,129.6883213
Paper_Source_2,Al0.919Zn0.054Mg0.019Cu0.007,0.919254066,0.054242025,0.019273968,0.007229941,120,22.10014314,618.1153834,199.8503097
Paper_Source_10,Al0.930Zn0.042Mg0.017Cu0.011,0.929869246,0.041844347,0.017067045,0.011219362,120,24.99081136,588.1533711,186.7761616
Paper_Source_9,Al0.902Zn0.070Mg0.022Cu0.006,0.901568416,0.070478217,0.021673122,0.006280245,120,23.72021256,679.2402719,223.0418017
Paper_Source_2,Al0.903Zn0.065Mg0.012Cu0.020,0.903358242,0.065133951,0.011554693,0.019953114,135,32.17605223,437.6403022,141.800422
Paper_Source_14,Al0.915Zn0.043Mg0.029Cu0.013,0.915405241,0.042573938,0.029487896,0.012532925,150,7.133434601,564.3690408,181.5066392
Paper_Source_11,Al0.902Zn0.054Mg0.030Cu0.014,0.902412687,0.053932323,0.029724215,0.013930775,120,1.923745519,480.5239348,158.0770231
Paper_Source_2,Al0.885Zn0.085Mg0.024Cu0.006,0.884617324,0.085413294,0.023963234,0.006006147,150,15.12667223,692.0078996,220.5698497
Paper_Source_13,Al0.911Zn0.052Mg0.021Cu0.016,0.911050571,0.051978095,0.020721927,0.016249407,,33.97233623,429.5039548,136.3661388
Paper_Source_15,Al0.928Zn0.047Mg0.016Cu0.008,0.92841612,0.047244744,0.016190552,0.008148584,120,10.08803898,386.0641653,121.3831904
Paper_Source_8,Al0.891Zn0.064Mg0.026Cu0.018,0.890780647,0.064472638,0.0262759,0.018470814,120,32.48804058,563.0124351,179.4543165
Paper_Source_15,Al0.879Zn0.089Mg0.024Cu0.008,0.878945759,0.089282523,0.023694623,0.008077095,150,46.57082219,546.4200506,176.4173215
Paper_Source_9,Al0.927Zn0.052Mg0.013Cu0.008,0.926784582,0.052102764,0.013252339,0.007860316,120,4.960284,388.8420936,126.6678131
Paper_Source_7,Al0.893Zn0.074Mg0.028Cu0.006,0.892626434,0.073606777,0.028218544,0.005548245,120,32.44860062,556.1133742,181.7949653
Paper_Source_3,Al0.883Zn0.078Mg0.026Cu0.012,0.88338727,0.078080981,0.026450745,0.012081004,120,21.57813542,706.8800504,223.4640126
Paper_Source_9,Al0.906Zn0.052Mg0.029Cu0.013,0.905649508,0.051881877,0.028995998,0.013472617,135,41.73675708,451.3540775,145.168432
Paper_Source_3,Al0.893Zn0.076Mg0.025Cu0.006,0.893089163,0.076410817,0.02451439,0.00598563,150,8.914614999,665.41408,211.8792919
Paper_Source_5,Al0.903Zn0.058Mg0.022Cu0.017,0.902709625,0.058389157,0.022268304,0.016632914,150,33.39973273,471.3368713,151.5309343
Paper_Source_9,Al0.898Zn0.072Mg0.018Cu0.012,0.898220515,0.071615292,0.018364861,0.011799333,135,40.31047626,482.3131618,161.4202999
Paper_Source_12,Al0.887Zn0.072Mg0.029Cu0.013,0.886803091,0.071676486,0.02865457,0.012865854,,45.36917543,539.455298,174.7474925
Paper_Source_14,Al0.894Zn0.067Mg0.027Cu0.012,0.894278547,0.066788734,0.027321278,0.011611441,120,32.95428134,536.5613822,175.3329793
Paper_Source_14,Al0.934Zn0.045Mg0.011Cu0.011,0.933569692,0.044514489,0.010904373,0.011011446,150,24.11580129,365.31552,122.7454443
Paper_Source_3,Al0.894Zn0.082Mg0.011Cu0.013,0.894312931,0.081765125,0.010527339,0.013394605,,29.84774391,562.0963301,184.1397924
Paper_Source_7,Al0.919Zn0.056Mg0.018Cu0.007,0.919103126,0.056039003,0.017529267,0.007328604,,41.77298676,430.3610426,137.7063566
Paper_Source_12,Al0.917Zn0.049Mg0.026Cu0.008,0.916734086,0.049325926,0.026211067,0.007728922,120,27.60396297,580.456037,184.0543027
Paper_Source_1,Al0.910Zn0.042Mg0.030Cu0.018,0.910288936,0.042038757,0.029745523,0.017926784,150,1.943385336,458.2263949,147.7396054
Paper_Source_4,Al0.898Zn0.070Mg0.013Cu0.019,0.898255283,0.069544647,0.013008338,0.019191732,150,44.72006304,472.5340634,151.0110786
Paper_Source_4,Al0.894Zn0.074Mg0.022Cu0.011,0.893639528,0.073878218,0.021882614,0.01059964,150,33.25252067,485.9464775,152.945625
Paper_Source_7,Al0.932Zn0.041Mg0.018Cu0.009,0.932491621,0.040829391,0.017617817,0.00906117,135,32.63438582,406.6120224,131.767481
Paper_Source_8,Al0.890Zn0.066Mg0.029Cu0.015,0.890337066,0.065604653,0.029398288,0.014659993,135,10.74456974,576.6739255,186.6885627
Paper_Source_1,Al0.911Zn0.051Mg0.027Cu0.011,0.91070182,0.051324789,0.026842378,0.011131013,150,31.79705984,460.143453,152.8561637
Paper_Source_5,Al0.896Zn0.072Mg0.027Cu0.005,0.895593991,0.07225864,0.026766574,0.005380795,120,19.20855927,617.0191028,198.1340126
Paper_Source_7,Al0.925Zn0.049Mg0.019Cu0.007,0.924565526,0.048718321,0.019373863,0.007342289,135,31.43356641,404.0883699,131.0513905
Paper_Source_12,Al0.891Zn0.075Mg0.018Cu0.016,0.89141714,0.074546887,0.01829639,0.015739583,150,5.56316894,567.7271895,181.4740895
Paper_Source_4,Al0.910Zn0.059Mg0.015Cu0.015,0.910311232,0.059336767,0.015468141,0.014883859,150,31.74765197,429.8637648,140.8486541
Paper_Source_13,Al0.897Zn0.087Mg0.011Cu0.005,0.896629551,0.086836499,0.01112751,0.00540644,,47.97215197,489.3287588,157.5364422
Paper_Source_4,Al0.917Zn0.047Mg0.027Cu0.008,0.917499923,0.046876047,0.027294448,0.008329582,135,2.790071846,433.6137487,136.9439238
Paper_Source_4,Al0.908Zn0.057Mg0.026Cu0.008,0.90822254,0.057053318,0.02625802,0.008466122,135,46.91577375,477.6410483,154.044078
Paper_Source_12,Al0.909Zn0.046Mg0.030Cu0.015,0.909253579,0.045673676,0.029994353,0.015078391,120,19.82812813,629.0954702,203.9103299
Paper_Source_6,Al0.879Zn0.086Mg0.030Cu0.005,0.878536924,0.086234681,0.029932737,0.005295658,120,41.86078889,562.6647034,182.1429265
Paper_Source_7,Al0.888Zn0.084Mg0.021Cu0.007,0.888462769,0.083866968,0.021108634,0.006561629,150,37.66331049,522.694538,171.2258831
Paper_Source_2,Al0.905Zn0.053Mg0.025Cu0.017,0.904724429,0.052897081,0.025379748,0.016998741,135,27.4332724,493.6806816,155.6316919
Paper_Source_15,Al0.890Zn0.073Mg0.029Cu0.008,0.890427313,0.072999202,0.028895315,0.00767817,120,35.57633744,554.443769,176.7459722
Paper_Source_5,Al0.877Zn0.081Mg0.027Cu0.015,0.877354751,0.08086111,0.026992948,0.014791192,135,42.22948916,554.9068187,180.6016679
Paper_Source_4,Al0.909Zn0.068Mg0.015Cu0.009,0.908720256,0.067760041,0.014946962,0.008572742,150,19.69666528,484.6244444,154.5172935
Paper_Source_15,Al0.908Zn0.066Mg0.019Cu0.006,0.908014967,0.066482529,0.019010883,0.006491621,120,16.03407517,484.9610867,157.0402384
Paper_Source_14,Al0.927Zn0.052Mg0.013Cu0.009,0.926676614,0.052092615,0.012583188,0.008647583,120,32.21068581,425.7622658,131.2933033
Paper_Source_13,Al0.910Zn0.045Mg0.029Cu0.016,0.910429837,0.044655138,0.029081021,0.015834004,120,38.87268224,450.9073961,152.2438652
Paper_Source_3,Al0.875Zn0.085Mg0.022Cu0.018,0.875180272,0.084860788,0.022123493,0.017835447,150,36.7085439,576.4111085,185.2647709
Paper_Source_7,Al0.883Zn0.085Mg0.015Cu0.017,0.882952943,0.085020903,0.014572856,0.017453298,135,38.39614832,538.4966021,176.693472
Paper_Source_11,Al0.894Zn0.072Mg0.023Cu0.011,0.893953161,0.071655073,0.023434014,0.010957753,120,21.19020745,662.9116562,213.0002252
Paper_Source_12,Al0.906Zn0.057Mg0.022Cu0.015,0.905664669,0.05695149,0.022362565,0.015021277,150,39.34712527,452.4329779,146.9828682
Paper_Source_6,Al0.917Zn0.057Mg0.017Cu0.008,0.917301502,0.057460479,0.017163254,0.008074764,135,6.20993013,431.4217516,142.8981061
Paper_Source_14,Al0.902Zn0.076Mg0.012Cu0.009,0.902033848,0.076297784,0.012271152,0.009397216,150,26.36323215,480.6800007,157.9725798
Paper_Source_7,Al0.873Zn0.085Mg0.023Cu0.018,0.873267986,0.084855513,0.023431464,0.018445037,135,0.773536374,560.3815356,180.2570998
Paper_Source_5,Al0.890Zn0.084Mg0.020Cu0.005,0.890044496,0.084354321,0.020406154,0.005195029,150,15.91782692,651.5850021,209.8505746
Paper_Source_13,Al0.889Zn0.079Mg0.025Cu0.006,0.889277227,0.078993777,0.025446368,0.006282628,135,17.90692291,734.375461,239.4042264
Paper_Source_6,Al0.899Zn0.072Mg0.020Cu0.008,0.899376854,0.072101582,0.02040327,0.008118294,120,19.31820285,598.2809211,198.8269565
Paper_Source_5,Al0.923Zn0.044Mg0.027Cu0.005,0.923351389,0.044206998,0.02704363,0.005397983,135,33.53469232,430.5114402,139.3553648
Paper_Source_14,Al0.923Zn0.048Mg0.021Cu0.008,0.923158896,0.048081436,0.021038137,0.007721532,150,18.95650981,466.1670349,155.269122
Paper_Source_7,Al0.880Zn0.085Mg0.021Cu0.014,0.880107908,0.084927709,0.021218759,0.013745623,150,21.81294707,552.5340625,177.6332583
Paper_Source_2,Al0.891Zn0.070Mg0.028Cu0.011,0.890824107,0.070321453,0.027533072,0.011321368,135,11.78334622,612.2796653,199.8894704
Paper_Source_14,Al0.923Zn0.040Mg0.018Cu0.018,0.923080414,0.040459853,0.018069657,0.018390076,120,18.2294601,479.2884415,157.3620641
Paper_Source_11,Al0.925Zn0.045Mg0.013Cu0.017,0.924984465,0.045073577,0.012680305,0.017261653,120,11.29530729,370.6665631,118.5449578
Paper_Source_5,Al0.906Zn0.073Mg0.011Cu0.010,0.906121998,0.073175088,0.010575654,0.01012726,135,3.976806379,449.4365299,143.1118306
Paper_Source_6,Al0.926Zn0.040Mg0.025Cu0.009,0.925752824,0.040253079,0.025102745,0.008891352,135,29.16380819,413.9156871,136.3846623
Paper_Source_6,Al0.919Zn0.048Mg0.022Cu0.011,0.91885802,0.048040403,0.022406191,0.010695386,150,32.24010793,430.5985117,137.5738534
Paper_Source_15,Al0.895Zn0.067Mg0.024Cu0.014,0.894627291,0.067436689,0.024081595,0.013854424,120,29.92579144,590.022726,188.0940368
Paper_Source_5,Al0.902Zn0.075Mg0.014Cu0.009,0.902125002,0.07459476,0.014259283,0.009020955,,22.51596708,591.5205601,189.1031852
Paper_Source_10,Al0.900Zn0.073Mg0.013Cu0.014,0.900312274,0.072598063,0.01272743,0.014362234,120,18.53982456,562.6888628,180.1735031
Paper_Source_7,Al0.927Zn0.051Mg0.010Cu0.011,0.927354466,0.051213465,0.010290893,0.011141175,135,41.50834835,370.6662277,121.7112936
Paper_Source_10,Al0.894Zn0.076Mg0.017Cu0.013,0.89409858,0.075608961,0.017011751,0.013280708,135,25.15638479,549.8991153,178.6744181
Paper_Source_8,Al0.915Zn0.052Mg0.022Cu0.012,0.914797294,0.051862454,0.021798354,0.011541898,120,23.26113919,653.0128526,212.4384529
Paper_Source_7,Al0.916Zn0.056Mg0.018Cu0.009,0.916468148,0.056269985,0.017844881,0.009416986,135,1.717998126,414.8956192,134.890746
Paper_Source_5,Al0.885Zn0.077Mg0.019Cu0.019,0.884699132,0.07732457,0.018749498,0.0192268,135,16.70927181,717.6986189,230.0310831
Paper_Source_1,Al0.883Zn0.072Mg0.028Cu0.016,0.882981094,0.072481645,0.028083174,0.016454087,150,18.55929189,622.5189295,202.555315
Paper_Source_13,Al0.893Zn0.082Mg0.017Cu0.007,0.893472022,0.082461171,0.016965109,0.007101698,135,19.44408209,703.9800702,230.0464798
Paper_Source_5,Al0.889Zn0.073Mg0.020Cu0.018,0.888812546,0.072880645,0.02027979,0.01802702,135,28.05818754,539.529591,175.5030616
Paper_Source_10,Al0.894Zn0.068Mg0.026Cu0.012,0.893600042,0.06841543,0.02567306,0.012311468,135,25.84612097,544.2835407,176.6994755
Paper_Source_2,Al0.919Zn0.045Mg0.018Cu0.018,0.918967123,0.044683738,0.017930856,0.018418283,150,29.37549191,387.8214371,123.1860531
Paper_Source_13,Al0.902Zn0.058Mg0.022Cu0.017,0.902174647,0.05838579,0.022441734,0.016997829,120,36.83195492,475.7545766,153.998761
Paper_Source_5,Al0.908Zn0.053Mg0.027Cu0.011,0.908114405,0.053260118,0.027247274,0.011378203,150,39.11682259,468.6889055,149.1393662
Paper_Source_5,Al0.913Zn0.052Mg0.029Cu0.005,0.913473066,0.052199482,0.028990412,0.00533704,150,34.61084612,472.8037295,152.4572625
Paper_Source_2,Al0.889Zn0.089Mg0.013Cu0.009,0.889377842,0.088650528,0.01294147,0.00903016,120,45.88737556,517.5698029,162.8573343
Paper_Source_5,Al0.899Zn0.060Mg0.029Cu0.013,0.898688848,0.059654886,0.028531753,0.013124513,150,1.366047677,512.6082505,161.2761042
Paper_Source_13,Al0.881Zn0.085Mg0.020Cu0.015,0.881053173,0.084602328,0.019842326,0.014502173,120,9.79945432,544.5387638,175.1800465
Paper_Source_4,Al0.904Zn0.072Mg0.015Cu0.009,0.904409866,0.071556931,0.015164888,0.008868315,150,0.859236561,467.3393688,149.3835359
Paper_Source_1,Al0.894Zn0.080Mg0.019Cu0.007,0.893986379,0.079740565,0.019182715,0.007090341,120,31.25504892,542.025845,175.1140148
Paper_Source_3,Al0.888Zn0.065Mg0.030Cu0.018,0.88774354,0.065131855,0.029600652,0.017523954,135,43.15645108,526.2847317,169.4323468
Paper_Source_1,Al0.892Zn0.069Mg0.020Cu0.020,0.891536411,0.068845194,0.019852362,0.019766033,150,12.06540909,718.0180569,231.694205
Paper_Source_12,Al0.906Zn0.065Mg0.017Cu0.013,0.90591373,0.064625885,0.016575032,0.012885353,150,44.53414088,461.5209619,150.3992482
Paper_Source_11,Al0.920Zn0.050Mg0.023Cu0.008,0.919994644,0.049762149,0.022668017,0.007575189,150,3.362701039,466.974946,149.478907
Paper_Source_15,Al0.900Zn0.076Mg0.015Cu0.009,0.899989872,0.076122606,0.014802912,0.00908461,150,44.88571127,468.0180873,150.424967
Paper_Source_5,Al0.929Zn0.054Mg0.012Cu0.005,0.929168255,0.054038618,0.011517267,0.00527586,135,17.20207764,585.0757774,192.3716748
Paper_Source_4,Al0.927Zn0.041Mg0.013Cu0.019,0.927492125,0.041215798,0.012577594,0.018714482,150,5.317489351,449.4933848,145.0055764
Paper_Source_7,Al0.908Zn0.072Mg0.013Cu0.007,0.908399202,0.072273615,0.012560917,0.006766266,135,23.57890856,535.9273014,172.4317485
Paper_Source_5,Al0.924Zn0.049Mg0.013Cu0.014,0.924458665,0.048855534,0.013038054,0.013647747,135,12.69688697,487.8615832,157.580986
Paper_Source_10,Al0.891Zn0.087Mg0.013Cu0.009,0.891089699,0.087022929,0.012776543,0.009110828,135,14.03146284,642.9039909,206.9849732
Paper_Source_14,Al0.876Zn0.088Mg0.023Cu0.013,0.876173406,0.087696429,0.022817495,0.01331267,135,15.09627333,733.9950174,234.9986555
Paper_Source_4,Al0.886Zn0.086Mg0.014Cu0.015,0.885847873,0.08574322,0.013637602,0.014771306,120,38.64373015,508.1485788,161.4238218
Paper_Source_2,Al0.907Zn0.059Mg0.017Cu0.017,0.907132592,0.058507935,0.016913346,0.017446127,120,26.11016064,619.7316925,198.0048709
Paper_Source_4,Al0.923Zn0.041Mg0.028Cu0.008,0.923195082,0.040772831,0.027935768,0.008096319,150,15.28711571,573.362069,187.1378041
Paper_Source_12,Al0.889Zn0.086Mg0.019Cu0.005,0.888939902,0.086415928,0.019479233,0.005164937,120,29.49085471,619.6112371,198.2998295
Paper_Source_2,Al0.908Zn0.061Mg0.023Cu0.007,0.908186353,0.061409207,0.023351155,0.007053284,120,34.51715703,478.1154832,153.8434895
Paper_Source_8,Al0.880Zn0.088Mg0.013Cu0.019,0.879720582,0.088332741,0.013446397,0.01850028,150,13.44964003,726.6825233,236.1655579
Paper_Source_3,Al0.880Zn0.088Mg0.014Cu0.018,0.87986487,0.088180999,0.01384578,0.018108351,150,20.14358232,571.3459587,183.60917
Paper_Source_9,Al0.893Zn0.083Mg0.011Cu0.014,0.892570958,0.082650473,0.010817372,0.013961197,150,6.289589434,578.2984547,188.1312919
Paper_Source_13,Al0.918Zn0.055Mg0.013Cu0.014,0.917891101,0.054722445,0.013378701,0.014007753,120,9.104594103,414.5975174,129.889152
Paper_Source_4,Al0.910Zn0.059Mg0.016Cu0.015,0.910197757,0.059254886,0.015571807,0.01497555,120,32.85309806,465.8258189,149.9351015
Paper_Source_13,Al0.896Zn0.083Mg0.014Cu0.008,0.896272388,0.082556834,0.01354021,0.007630569,150,9.118321516,668.6515601,215.8912919
Paper_Source_6,Al0.914Zn0.056Mg0.012Cu0.019,0.91366367,0.0558461,0.011774051,0.018716179,135,25.44526072,486.3017067,156.9293651
Paper_Source_10,Al0.928Zn0.048Mg0.012Cu0.011,0.927831087,0.048474637,0.012412717,0.011281558,150,34.17969743,366.7939693,114.1883385
Paper_Source_5,Al0.902Zn0.068Mg0.019Cu0.011,0.902197284,0.067840063,0.019215575,0.010747078,135,5.576653847,472.6326561,155.4699287
Paper_Source_10,Al0.886Zn0.087Mg0.014Cu0.013,0.886281821,0.086807739,0.014126674,0.012783766,135,27.44733043,533.8768984,170.0816719
Paper_Source_13,Al0.902Zn0.075Mg0.017Cu0.006,0.902208623,0.07480149,0.017285397,0.00570449,150,12.68673223,677.7125294,219.4545378
Paper_Source_1,Al0.904Zn0.069Mg0.020Cu0.007,0.903934346,0.068503059,0.020068345,0.007494251,150,46.23902657,491.9268675,158.705997
Paper_Source_9,Al0.915Zn0.045Mg0.024Cu0.016,0.915262774,0.044858825,0.023807897,0.016070504,150,23.46841822,442.852269,145.3648445
Paper_Source_1,Al0.912Zn0.071Mg0.011Cu0.006,0.912221416,0.070750361,0.010786243,0.00624198,120,38.78464611,423.2756412,142.0092515
Paper_Source_8,Al0.870Zn0.090Mg0.026Cu0.014,0.870461818,0.089502693,0.025988208,0.014047282,135,26.63576075,616.2081338,195.5509062
Paper_Source_9,Al0.922Zn0.047Mg0.023Cu0.009,0.921757555,0.047004201,0.022558008,0.008680237,120,2.562095311,420.9621992,134.1719731
Paper_Source_9,Al0.912Zn0.066Mg0.012Cu0.011,0.911608903,0.065916483,0.011635181,0.010839434,120,30.57469034,505.5437892,163.5513729
Paper_Source_1,Al0.879Zn0.084Mg0.027Cu0.009,0.879329368,0.083868654,0.027471572,0.009330406,150,45.69165875,577.6504262,183.5754639
Paper_Source_2,Al0.884Zn0.077Mg0.028Cu0.010,0.88420903,0.077038431,0.028417448,0.010335091,120,29.07656146,655.7102393,213.4748885
Paper_Source_12,Al0.898Zn0.075Mg0.011Cu0.016,0.898141965,0.074850787,0.011221559,0.015785689,150,39.41147082,463.1626213,151.5157288
Paper_Source_13,Al0.900Zn0.075Mg0.016Cu0.009,0.899881417,0.075124204,0.015537553,0.009456826,135,42.49980701,450.7538574,146.8030928
Paper_Source_1,Al0.902Zn0.058Mg0.026Cu0.013,0.902405347,0.057974558,0.026124026,0.01349607,150,11.33378917,683.9313404,221.2144674
Paper_Source_10,Al0.908Zn0.055Mg0.025Cu0.012,0.908214458,0.054679592,0.024965194,0.012140756,120,10.5721299,477.8288667,157.562616
Paper_Source_2,Al0.891Zn0.080Mg0.014Cu0.015,0.890886454,0.080468058,0.01369042,0.014955067,120,29.52159697,590.7325693,187.6698296
Paper_Source_10,Al0.886Zn0.081Mg0.014Cu0.019,0.886254898,0.08050567,0.014186986,0.019052446,150,20.02385232,519.9523283,167.889728
Paper_Source_12,Al0.883Zn0.083Mg0.017Cu0.016,0.883248361,0.083353616,0.017409442,0.015988581,150,40.39341189,516.0753156,164.6289011
Paper_Source_8,Al0.886Zn0.086Mg0.020Cu0.008,0.886423407,0.085662028,0.01969046,0.008224106,120,43.25109836,535.3311653,174.9122635
Paper_Source_5,Al0.907Zn0.066Mg0.022Cu0.005,0.906600038,0.06556712,0.022365095,0.005467747,,17.28751552,681.5213462,215.2622426
Paper_Source_12,Al0.909Zn0.065Mg0.017Cu0.009,0.908611952,0.065075815,0.017378273,0.008933961,135,11.75135155,519.4779583,167.5033253
Paper_Source_11,Al0.887Zn0.080Mg0.019Cu0.014,0.886908378,0.079914759,0.019250694,0.013926169,150,37.57496197,508.7505007,164.9511615
Paper_Source_7,Al0.897Zn0.072Mg0.025Cu0.006,0.896780997,0.072498197,0.024949419,0.005771387,135,13.55328669,624.7986409,199.1792183
Paper_Source_2,Al0.902Zn0.075Mg0.011Cu0.012,0.901722498,0.075098344,0.010733664,0.012445494,120,39.57418013,450.8510194,143.8703376
Paper_Source_8,Al0.891Zn0.080Mg0.015Cu0.014,0.891208985,0.079789633,0.015048739,0.013952643,150,20.62756705,504.1792569,162.6769174
Paper_Source_11,Al0.881Zn0.085Mg0.024Cu0.010,0.881219083,0.084500267,0.024266992,0.010013658,120,32.20862022,592.7321646,193.591665
Paper_Source_6,Al0.899Zn0.057Mg0.028Cu0.017,0.898632422,0.056899758,0.027904137,0.016563683,120,5.037927407,504.6429349,160.2058704
Paper_Source_8,Al0.914Zn0.059Mg0.020Cu0.007,0.91438833,0.058779148,0.020233549,0.006598974,135,30.13331792,426.2206606,135.3444108
Paper_Source_1,Al0.929Zn0.045Mg0.021Cu0.006,0.928531567,0.044699097,0.02064227,0.006127067,150,21.95896474,428.9091588,141.1717626
Paper_Source_15,Al0.903Zn0.069Mg0.012Cu0.016,0.903019721,0.068914007,0.01214344,0.015922831,150,28.363902,451.954849,145.1094483
Paper_Source_1,Al0.927Zn0.042Mg0.019Cu0.012,0.926822269,0.041797114,0.018948247,0.01243237,135,8.480674868,429.337297,136.5520547
Paper_Source_12,Al0.901Zn0.063Mg0.021Cu0.015,0.900741718,0.063279901,0.020652345,0.015326036,120,35.50150288,481.4991198,157.1440087
Paper_Source_7,Al0.906Zn0.067Mg0.015Cu0.012,0.906495948,0.067132232,0.01484941,0.01152241,120,41.48286118,452.3416477,144.6961681
Paper_Source_8,Al0.922Zn0.054Mg0.015Cu0.009,0.921592042,0.054327063,0.015384865,0.00869603,120,10.7951405,414.6007391,136.3107277
Paper_Source_13,Al0.896Zn0.070Mg0.018Cu0.017,0.895626119,0.069541663,0.017545683,0.017286535,120,5.046441387,473.1366404,150.9654218
Paper_Source_3,Al0.931Zn0.042Mg0.010Cu0.017,0.931082325,0.041525012,0.010401424,0.016991238,150,1.622832837,390.8163036,125.670789
Paper_Source_5,Al0.926Zn0.042Mg0.016Cu0.015,0.92627056,0.041867409,0.016441583,0.015420447,150,30.99364627,374.3720529,123.1276075
Paper_Source_12,Al0.896Zn0.081Mg0.014Cu0.009,0.895558835,0.081130028,0.01422896,0.009082177,135,29.33696671,489.6521373,157.3866502
Paper_Source_1,Al0.912Zn0.058Mg0.017Cu0.014,0.911587061,0.058009532,0.016549947,0.01385346,135,26.4681271,476.3088163,155.5381386
Paper_Source_7,Al0.931Zn0.046Mg0.012Cu0.010,0.930837123,0.046353026,0.012395243,0.010414608,150,11.51748707,575.2540824,185.401964
Paper_Source_5,Al0.900Zn0.066Mg0.028Cu0.006,0.89970356,0.066112163,0.027810546,0.006373731,150,19.06803481,565.8219712,187.477446
Paper_Source_8,Al0.881Zn0.078Mg0.022Cu0.019,0.88086877,0.078499678,0.021871849,0.018759704,120,28.73762592,669.6840116,219.949047
Paper_Source_13,Al0.919Zn0.051Mg0.024Cu0.007,0.918574623,0.050791051,0.023582046,0.007052279,120,24.0964258,652.841203,207.2736958
Paper_Source_8,Al0.884Zn0.071Mg0.026Cu0.019,0.883818491,0.071144524,0.025783425,0.01925356,135,47.41981221,506.3508707,164.6445997
Paper_Source_9,Al0.924Zn0.044Mg0.020Cu0.012,0.924073696,0.044267373,0.019968844,0.011690087,150,6.980888246,517.0129806,164.7373709
Paper_Source_7,Al0.938Zn0.043Mg0.012Cu0.008,0.937900514,0.042584086,0.011738406,0.007776994,135,33.51936632,365.1927958,118.282895
Paper_Source_11,Al0.900Zn0.067Mg0.021Cu0.013,0.899561623,0.066567732,0.020742131,0.013128514,150,19.70514148,511.1447882,165.0563421
Paper_Source_1,Al0.893Zn0.067Mg0.022Cu0.018,0.893137234,0.067031756,0.021736822,0.018094188,120,20.83948171,668.0626016,212.8655975
Paper_Source_13,Al0.887Zn0.072Mg0.025Cu0.016,0.887236342,0.071871495,0.024908789,0.015983373,135,34.58589387,529.1731743,173.3472353
Paper_Source_3,Al0.888Zn0.076Mg0.019Cu0.017,0.887963825,0.076304567,0.018633191,0.017098417,135,33.39071719,494.1812798,159.9215734
Paper_Source_8,Al0.884Zn0.089Mg0.013Cu0.015,0.883774039,0.088792604,0.012551606,0.014881751,150,47.5846597,524.2569282,168.4034305
Paper_Source_3,Al0.903Zn0.066Mg0.016Cu0.015,0.903125316,0.065815017,0.015675518,0.015384148,120,6.598728749,461.8213066,147.8793405
Paper_Source_8,Al0.909Zn0.056Mg0.017Cu0.018,0.908852596,0.056147824,0.017261646,0.017737935,135,5.445208346,452.5978675,146.3487545
Paper_Source_1,Al0.889Zn0.080Mg0.023Cu0.009,0.888577325,0.07975931,0.022918345,0.00874502,,34.90609381,520.1823196,168.8205608
Paper_Source_5,Al0.913Zn0.054Mg0.021Cu0.012,0.912701447,0.053541613,0.021415566,0.012341374,135,27.97337856,459.677645,147.9706718
Paper_Source_4,Al0.913Zn0.062Mg0.017Cu0.008,0.912611353,0.061948571,0.017121935,0.008318142,120,13.52263166,431.3115187,132.051449
Paper_Source_5,Al0.907Zn0.044Mg0.030Cu0.020,0.906531856,0.043922819,0.029730305,0.01981502,150,4.272420027,484.3995933,156.3001601
Paper_Source_8,Al0.917Zn0.041Mg0.022Cu0.019,0.917456076,0.041267537,0.022115496,0.01916089,135,4.568766856,423.8982497,133.1376657
Paper_Source_10,Al0.892Zn0.088Mg0.015Cu0.006,0.891531641,0.088132421,0.014744536,0.005591402,135,42.97406655,515.9845205,165.9229881
Paper_Source_15,Al0.891Zn0.082Mg0.012Cu0.016,0.890581717,0.081799006,0.012035649,0.015583628,120,9.613697924,495.8905908,156.4532961
Paper_Source_14,Al0.893Zn0.075Mg0.013Cu0.019,0.893265382,0.07479871,0.013057183,0.018878725,120,15.8601492,520.8950288,164.4894104
Paper_Source_4,Al0.917Zn0.060Mg0.015Cu0.008,0.916924568,0.060447647,0.014919155,0.00770863,135,11.26617911,487.5461601,160.3607594
Paper_Source_11,Al0.925Zn0.049Mg0.013Cu0.014,0.924602478,0.048664716,0.013213627,0.013519178,150,17.36232453,481.0570466,154.3794625
Paper_Source_4,Al0.920Zn0.048Mg0.014Cu0.019,0.919714483,0.047821852,0.01373134,0.018732324,120,3.79763253,398.0952377,127.4261632
Paper_Source_15,Al0.926Zn0.053Mg0.016Cu0.006,0.926276762,0.052512145,0.015701903,0.00550919,120,25.15534007,604.7537962,196.2881799
Paper_Source_3,Al0.904Zn0.067Mg0.013Cu0.015,0.903609891,0.067461333,0.013467472,0.015461304,120,3.711596771,448.3337059,143.6972998
Paper_Source_7,Al0.887Zn0.076Mg0.028Cu0.009,0.88687466,0.075729796,0.027935308,0.009460235,,38.51693412,542.1439708,180.1446671
Paper_Source_3,Al0.897Zn0.073Mg0.012Cu0.019,0.896519513,0.073009869,0.011604675,0.018865943,135,11.60132389,547.1368771,175.8132174
Paper_Source_12,Al0.906Zn0.054Mg0.020Cu0.020,0.905947204,0.053996695,0.020490228,0.019565874,135,26.15056594,496.4344189,161.0529487
Paper_Source_3,Al0.875Zn0.088Mg0.018Cu0.019,0.874884802,0.087743264,0.018207937,0.019163997,135,42.30375666,556.6690551,181.9980163
Paper_Source_11,Al0.881Zn0.077Mg0.030Cu0.012,0.881344369,0.076894846,0.029647572,0.012113213,150,31.41667503,543.8864775,179.4528839
Paper_Source_10,Al0.902Zn0.068Mg0.012Cu0.018,0.90211088,0.067717703,0.012240778,0.01793064,150,25.81549486,463.5772271,147.6860257
Paper_Source_5,Al0.894Zn0.071Mg0.018Cu0.018,0.89378861,0.070586037,0.017957112,0.017668241,135,15.90585327,672.0786252,215.7546478
Paper_Source_5,Al0.900Zn0.061Mg0.029Cu0.010,0.899844081,0.060980003,0.029389409,0.009786507,150,16.31759087,630.6264168,206.6143561
Paper_Source_14,Al0.903Zn0.052Mg0.027Cu0.017,0.902869576,0.052386549,0.027310143,0.017433732,120,32.30063037,504.3961033,164.7335762
Paper_Source_6,Al0.910Zn0.058Mg0.026Cu0.006,0.91030481,0.057798634,0.026341441,0.005555115,120,47.72161966,451.0838535,148.1988603
Paper_Source_8,Al0.893Zn0.078Mg0.015Cu0.014,0.89300559,0.077892306,0.015158057,0.013944048,120,31.93736152,535.0478153,169.1743081
Paper_Source_10,Al0.937Zn0.041Mg0.013Cu0.008,0.937412441,0.040719674,0.013417752,0.008450133,135,26.99471233,360.8602481,120.276531
Paper_Source_6,Al0.924Zn0.046Mg0.023Cu0.007,0.924015,0.045803632,0.023372864,0.006808503,120,35.20589924,419.344795,133.3689957
Paper_Source_15,Al0.923Zn0.042Mg0.029Cu0.006,0.92295805,0.042300132,0.02858752,0.006154298,150,22.59726658,418.9545454,135.62736
Paper_Source_12,Al0.921Zn0.042Mg0.021Cu0.015,0.92138397,0.04203644,0.021135258,0.015444332,135,3.356761274,420.3056427,135.2119082
Paper_Source_1,Al0.886Zn0.083Mg0.021Cu0.010,0.885696593,0.082773029,0.021432254,0.010098124,150,27.20909875,539.6388873,171.8808533
Paper_Source_15,Al0.893Zn0.075Mg0.016Cu0.016,0.893346024,0.075182893,0.015599582,0.015871502,120,45.98720101,477.7889675,150.594134
Paper_Source_8,Al0.905Zn0.064Mg0.025Cu0.006,0.904921105,0.063708691,0.025389859,0.005980345,120,8.826889762,482.6534372,151.3350369
Paper_Source_8,Al0.932Zn0.045Mg0.014Cu0.010,0.931638062,0.044891708,0.013740875,0.009729355,120,33.27523231,408.0369678,131.9223743
Paper_Source_9,Al0.906Zn0.065Mg0.016Cu0.013,0.905853252,0.064580794,0.016473585,0.013092369,135,10.04435021,507.4575635,159.8826905
Paper_Source_9,Al0.901Zn0.064Mg0.019Cu0.017,0.900956835,0.063673589,0.018508729,0.016860847,150,25.95181501,472.1268003,149.4644289
Paper_Source_2,Al0.921Zn0.049Mg0.020Cu0.010,0.921406411,0.048660093,0.020152208,0.009781288,135,5.092131358,426.1589791,136.9255487
Paper_Source_15,Al0.909Zn0.062Mg0.015Cu0.014,0.909070852,0.061692582,0.014848195,0.014388371,135,21.89261947,575.7538878,179.1300393
Paper_Source_2,Al0.909Zn0.060Mg0.012Cu0.018,0.909488361,0.059925237,0.012296736,0.018289666,120,36.41775812,436.1853674,142.6524065
Paper_Source_3,Al0.893Zn0.071Mg0.022Cu0.014,0.892757146,0.070792505,0.022212401,0.014237948,135,17.0096474,700.8416839,220.0532421
Paper_Source_1,Al0.904Zn0.072Mg0.016Cu0.008,0.903978314,0.071754683,0.015772611,0.008494392,135,32.08330691,455.5012373,146.742452
Paper_Source_4,Al0.931Zn0.042Mg0.022Cu0.005,0.930744023,0.0422652,0.021624764,0.005366012,120,38.28387314,393.4768111,126.9655516
Paper_Source_14,Al0.910Zn0.059Mg0.013Cu0.018,0.910130632,0.058730631,0.013087254,0.018051483,135,44.54094643,434.3448088,141.456383
Paper_Source_4,Al0.904Zn0.071Mg0.020Cu0.005,0.903765161,0.071292996,0.019622802,0.005319041,120,11.64549889,491.0292909,158.2923434
